network,dataset,activation,param,mean_train_loss,std_train_loss,mean_test_loss,std_test_loss,mean_accuracy,std_accuracy
VGG16,CIFAR10,zailu,0.0,0.8859736964601996,0.0176443675179799,0.9869731973817141,0.014059468116326608,65.84333333333333,0.1960158723731917
VGG16,CIFAR10,zailu,0.25,0.7898472442549717,0.07281776591539395,1.1500454423407336,0.10821167215852044,61.34333333333334,2.9358057761976637
VGG16,CIFAR10,zailu,0.5,0.6512396270266313,0.28493441917707124,1.5143198324869642,0.6626622936645118,61.050000000000004,3.4697934616727073
VGG16,CIFAR10,zailu,1.0,0.7509417722863919,0.14013235364286564,1.1280799531126733,0.13289236703319302,63.193333333333335,1.2119497606015814
VGG16,CIFAR10,zailu,2.0,0.6414301674200088,0.18216991258147092,1.2151834297838229,0.3534202079020273,64.01333333333334,3.740288164774946
VGG16,CIFAR10,zailu,5.0,0.5428226320944785,0.0606674060629458,0.9670354016457393,0.04609752079338736,69.33999999999999,0.5855481762132548
VGG16,CIFAR10,zailu,1000.0,0.07828514929760591,0.01589131105499816,1.8445841499827724,0.14497296103627522,68.44,1.399738070735618
