network,dataset,activation,param,mean_train_loss,std_train_loss,mean_test_loss,std_test_loss,mean_accuracy,std_accuracy
VGG16,CIFAR10,zailu,0.0,0.8810143585984563,0.021809189794399636,0.9871576175315112,0.01599926110072265,65.77333333333333,0.44850368510811234
VGG16,CIFAR10,zailu,0.25,0.7101208887095519,0.2516067184633297,1.4350327366350053,0.5462469052186324,60.10333333333333,3.799441479422411
VGG16,CIFAR10,zailu,0.5,0.528199125921873,0.3583272878632366,2.1954871256766557,1.2069683929464288,56.580000000000005,4.626618635677682
VGG16,CIFAR10,zailu,1.0,0.39755219322631663,0.23547904368666833,2.119400893654793,0.7340406100228418,57.73666666666666,3.5951294212525307
VGG16,CIFAR10,zailu,2.0,0.6146137867202285,0.06129567430396697,1.0970525103326563,0.07391267691119187,64.93666666666667,0.5295490744229701
VGG16,CIFAR10,zailu,5.0,0.376455518859518,0.17386344221060349,1.348215712616398,0.5527240157054388,68.86333333333333,2.536616293849397
VGG16,CIFAR10,zailu,1000.0,0.08071453899064689,0.008955133059602995,1.936743730192731,0.09923093365579741,67.67,1.0773114684249832
